{
  "type": "minecraft:entity",
  "pools": [
    {
      "rolls": 1,
      "bonus_rolls": 0,
      "entries": [
        {
          "type": "minecraft:item",
          "name": "minecraft:ender_pearl",
          "functions": [
            {
              "function": "minecraft:set_count",
              "count": {
                "type": "minecraft:uniform",
                "min": 0,
                "max": 1
              },
              "add": false
            },
            {
              "function": "minecraft:enchanted_count_increase",
              "enchantment": "minecraft:looting",
              "count": {
                "type": "minecraft:uniform",
                "min": 0,
                "max": 1
              },
              "limit": 2
            }
          ]
        }
      ]
    },
    {
      "rolls": 1,
      "bonus_rolls": 0,
      "entries": [
        {
          "type": "minecraft:item",
          "name": "minecraft:end_stone",
          "functions": [
            {
              "function": "minecraft:set_count",
              "count": {
                "type": "minecraft:uniform",
                "min": 0,
                "max": 1
              },
              "add": false
            },
            {
              "function": "minecraft:enchanted_count_increase",
              "enchantment": "minecraft:looting",
              "count": {
                "type": "minecraft:uniform",
                "min": 0,
                "max": 3
              },
              "limit": 3
            }
          ],
          "conditions": [
            {
              "condition": "minecraft:random_chance",
              "chance": 1
            }
          ]
        }
      ]
    }
  ],
  "random_sequence": "minecraft:entities/enderman"
}
