{
  "type": "minecraft:entity",
  "pools": [
    {
      "rolls": 1,
      "bonus_rolls": 0,
      "entries": [
        {
          "type": "minecraft:item",
          "name": "minecraft:emerald",
          "functions": [
            {
              "function": "minecraft:set_count",
              "count": {
                "type": "minecraft:uniform",
                "min": 0,
                "max": 2
              },
              "add": false
            },
            {
              "function": "minecraft:enchanted_count_increase",
              "enchantment": "minecraft:looting",
              "count": {
                "type": "minecraft:uniform",
                "min": 1,
                "max": 4
              },
              "limit": 4
            },
            {
              "function": "minecraft:furnace_smelt",
              "conditions": [
                {
                  "condition": "minecraft:any_of",
                  "terms": [
                    {
                      "condition": "minecraft:entity_properties",
                      "entity": "this",
                      "predicate": {}
                    }
                  ]
                }
              ]
            }
          ]
        }
      ]
    }
  ],
  "random_sequence": "minecraft:entities/dolphin"
}
